areaCode,areaName,areaType,date,cumVaccinationSecondDoseUptakeByVaccinationDatePercentage,newCasesByPublishDate,newDeaths28DaysByDeathDate
E12000004,East Midlands,region,02/12/2021,,3692,
E12000004,East Midlands,region,01/12/2021,74.9,3317,2
E12000004,East Midlands,region,30/11/2021,74.9,2655,8
E12000004,East Midlands,region,29/11/2021,74.8,3149,15
E12000004,East Midlands,region,28/11/2021,74.8,2675,9
E12000004,East Midlands,region,27/11/2021,74.7,3085,6
E12000004,East Midlands,region,26/11/2021,74.7,3601,11
E12000004,East Midlands,region,25/11/2021,74.6,3708,12
E12000004,East Midlands,region,24/11/2021,74.6,2945,5
E12000004,East Midlands,region,23/11/2021,74.6,3541,15
E12000004,East Midlands,region,22/11/2021,74.5,3529,6
E12000004,East Midlands,region,21/11/2021,74.5,2717,7
E12000004,East Midlands,region,20/11/2021,74.5,2926,9
E12000004,East Midlands,region,19/11/2021,74.4,3085,11
E12000004,East Midlands,region,18/11/2021,74.4,3782,17
E12000004,East Midlands,region,17/11/2021,74.4,2698,14
E12000004,East Midlands,region,16/11/2021,74.3,2859,13
E12000004,East Midlands,region,15/11/2021,74.3,2971,19
E12000004,East Midlands,region,14/11/2021,74.3,2519,9
E12000004,East Midlands,region,13/11/2021,74.3,3107,8
E12000004,East Midlands,region,12/11/2021,74.2,2876,13
E12000004,East Midlands,region,11/11/2021,74.2,3091,9
E12000004,East Midlands,region,10/11/2021,74.2,2976,9
E12000004,East Midlands,region,09/11/2021,74.1,2748,9
E12000004,East Midlands,region,08/11/2021,74.1,2249,16
E12000004,East Midlands,region,07/11/2021,74.1,2106,15
E12000004,East Midlands,region,06/11/2021,74.1,2363,10
E12000004,East Midlands,region,05/11/2021,74,2485,10
E12000004,East Midlands,region,04/11/2021,74,2492,9
E12000004,East Midlands,region,03/11/2021,74,2619,10
E12000004,East Midlands,region,02/11/2021,73.9,2407,10
E12000004,East Midlands,region,01/11/2021,73.9,2707,16
E12000004,East Midlands,region,31/10/2021,73.9,2534,18
E12000004,East Midlands,region,30/10/2021,73.9,3082,8
E12000004,East Midlands,region,29/10/2021,73.8,3085,10
E12000004,East Midlands,region,28/10/2021,73.8,2850,14
E12000004,East Midlands,region,27/10/2021,73.7,3541,15
E12000004,East Midlands,region,26/10/2021,73.7,2922,9
E12000004,East Midlands,region,25/10/2021,73.7,2897,10
E12000004,East Midlands,region,24/10/2021,73.7,2558,12
E12000004,East Midlands,region,23/10/2021,73.6,3642,15
E12000004,East Midlands,region,22/10/2021,73.6,3394,5
E12000004,East Midlands,region,21/10/2021,73.5,3710,6
E12000004,East Midlands,region,20/10/2021,73.5,3406,16
E12000004,East Midlands,region,19/10/2021,73.5,2783,13
E12000004,East Midlands,region,18/10/2021,73.4,3392,11
E12000004,East Midlands,region,17/10/2021,73.4,3382,11
E12000004,East Midlands,region,16/10/2021,73.4,3422,7
E12000004,East Midlands,region,15/10/2021,73.3,3438,8
E12000004,East Midlands,region,14/10/2021,73.3,3898,11
E12000004,East Midlands,region,13/10/2021,73.2,3684,12
E12000004,East Midlands,region,12/10/2021,73.2,3497,14
E12000004,East Midlands,region,11/10/2021,73.1,3394,12
E12000004,East Midlands,region,10/10/2021,73.1,3434,6
E12000004,East Midlands,region,09/10/2021,73.1,3325,7
E12000004,East Midlands,region,08/10/2021,73,3138,9
E12000004,East Midlands,region,07/10/2021,73,3919,10
E12000004,East Midlands,region,06/10/2021,72.9,3849,6
E12000004,East Midlands,region,05/10/2021,72.9,3144,10
E12000004,East Midlands,region,04/10/2021,72.8,2906,8
E12000004,East Midlands,region,03/10/2021,72.8,2769,7
E12000004,East Midlands,region,02/10/2021,72.8,3291,7
E12000004,East Midlands,region,01/10/2021,72.7,3457,12
E12000004,East Midlands,region,30/09/2021,72.7,3327,8
E12000004,East Midlands,region,29/09/2021,72.6,2904,10
E12000004,East Midlands,region,28/09/2021,72.6,2948,10
E12000004,East Midlands,region,27/09/2021,72.5,3361,6
E12000004,East Midlands,region,26/09/2021,72.5,2919,12
E12000004,East Midlands,region,25/09/2021,72.4,2800,9
E12000004,East Midlands,region,24/09/2021,72.3,3012,11
E12000004,East Midlands,region,23/09/2021,72.3,3793,8
E12000004,East Midlands,region,22/09/2021,72.2,3003,15
E12000004,East Midlands,region,21/09/2021,72.1,2736,9
E12000004,East Midlands,region,20/09/2021,72.1,2950,19
E12000004,East Midlands,region,19/09/2021,72,2205,8
E12000004,East Midlands,region,18/09/2021,71.9,2434,5
E12000004,East Midlands,region,17/09/2021,71.8,2301,11
E12000004,East Midlands,region,16/09/2021,71.7,2438,9
E12000004,East Midlands,region,15/09/2021,71.6,2458,6
E12000004,East Midlands,region,14/09/2021,71.5,2295,13
E12000004,East Midlands,region,13/09/2021,71.5,1946,3
E12000004,East Midlands,region,12/09/2021,71.4,2074,15
E12000004,East Midlands,region,11/09/2021,71.3,2320,7
E12000004,East Midlands,region,10/09/2021,71.1,2970,10
E12000004,East Midlands,region,09/09/2021,71,2879,16
E12000004,East Midlands,region,08/09/2021,70.9,2815,10
E12000004,East Midlands,region,07/09/2021,70.7,2701,13
E12000004,East Midlands,region,06/09/2021,70.6,2977,11
E12000004,East Midlands,region,05/09/2021,70.5,2454,15
E12000004,East Midlands,region,04/09/2021,70.4,2455,13
E12000004,East Midlands,region,03/09/2021,70.2,3197,9
E12000004,East Midlands,region,02/09/2021,70,2591,10
E12000004,East Midlands,region,01/09/2021,69.9,2484,8
E12000004,East Midlands,region,31/08/2021,69.7,2091,10
E12000004,East Midlands,region,30/08/2021,69.5,2145,11
E12000004,East Midlands,region,29/08/2021,69.4,2187,15
E12000004,East Midlands,region,28/08/2021,69.2,2384,13
E12000004,East Midlands,region,27/08/2021,69,2919,5
E12000004,East Midlands,region,26/08/2021,68.8,2738,12
E12000004,East Midlands,region,25/08/2021,68.6,2876,8
E12000004,East Midlands,region,24/08/2021,68.4,2230,10
E12000004,East Midlands,region,23/08/2021,68.1,2563,4
E12000004,East Midlands,region,22/08/2021,67.9,2553,15
E12000004,East Midlands,region,21/08/2021,67.7,2372,8
E12000004,East Midlands,region,20/08/2021,67.4,2527,8
E12000004,East Midlands,region,19/08/2021,67.1,2753,8
E12000004,East Midlands,region,18/08/2021,66.8,2824,8
E12000004,East Midlands,region,17/08/2021,66.6,2263,9
E12000004,East Midlands,region,16/08/2021,66.3,2299,8
E12000004,East Midlands,region,15/08/2021,66.1,2166,6
E12000004,East Midlands,region,14/08/2021,65.9,2425,9
E12000004,East Midlands,region,13/08/2021,65.5,2542,8
E12000004,East Midlands,region,12/08/2021,65.2,2768,8
E12000004,East Midlands,region,11/08/2021,64.9,2703,6
E12000004,East Midlands,region,10/08/2021,64.7,1918,6
E12000004,East Midlands,region,09/08/2021,64.4,2089,5
E12000004,East Midlands,region,08/08/2021,64.2,2450,3
E12000004,East Midlands,region,07/08/2021,64,2404,7
E12000004,East Midlands,region,06/08/2021,63.6,2643,8
E12000004,East Midlands,region,05/08/2021,63.4,2611,10
E12000004,East Midlands,region,04/08/2021,63.2,2632,5
E12000004,East Midlands,region,03/08/2021,62.9,1802,5
E12000004,East Midlands,region,02/08/2021,62.7,1889,3
E12000004,East Midlands,region,01/08/2021,62.6,2028,8
E12000004,East Midlands,region,31/07/2021,62.4,2212,6
E12000004,East Midlands,region,30/07/2021,62.1,2530,8
E12000004,East Midlands,region,29/07/2021,61.9,2408,1
E12000004,East Midlands,region,28/07/2021,61.7,2280,5
E12000004,East Midlands,region,27/07/2021,61.5,1707,5
E12000004,East Midlands,region,26/07/2021,61.3,1823,3
E12000004,East Midlands,region,25/07/2021,61.1,2140,4
E12000004,East Midlands,region,24/07/2021,60.9,2556,4
E12000004,East Midlands,region,23/07/2021,60.6,2613,6
E12000004,East Midlands,region,22/07/2021,60.3,2755,6
E12000004,East Midlands,region,21/07/2021,60,3315,3
E12000004,East Midlands,region,20/07/2021,59.8,3247,3
E12000004,East Midlands,region,19/07/2021,59.6,2950,3
E12000004,East Midlands,region,18/07/2021,59.4,3712,5
E12000004,East Midlands,region,17/07/2021,59.2,4019,5
E12000004,East Midlands,region,16/07/2021,58.8,3910,0
E12000004,East Midlands,region,15/07/2021,58.6,3204,2
E12000004,East Midlands,region,14/07/2021,58.4,3126,2
E12000004,East Midlands,region,13/07/2021,58.2,2492,4
E12000004,East Midlands,region,12/07/2021,57.9,2227,2
E12000004,East Midlands,region,11/07/2021,57.8,2286,0
E12000004,East Midlands,region,10/07/2021,57.6,2419,1
E12000004,East Midlands,region,09/07/2021,57.3,2444,2
E12000004,East Midlands,region,08/07/2021,57.1,2115,0
E12000004,East Midlands,region,07/07/2021,56.9,2006,3
E12000004,East Midlands,region,06/07/2021,56.7,1875,1
E12000004,East Midlands,region,05/07/2021,56.5,1753,1
E12000004,East Midlands,region,04/07/2021,56.4,1338,4
E12000004,East Midlands,region,03/07/2021,56.2,1471,2
E12000004,East Midlands,region,02/07/2021,55.9,1423,4
E12000004,East Midlands,region,01/07/2021,55.7,1561,1
E12000004,East Midlands,region,30/06/2021,55.5,1375,1
E12000004,East Midlands,region,29/06/2021,55.3,1122,0
E12000004,East Midlands,region,28/06/2021,55.1,1261,1
E12000004,East Midlands,region,27/06/2021,55,744,1
E12000004,East Midlands,region,26/06/2021,54.8,888,1
E12000004,East Midlands,region,25/06/2021,54.5,754,0
E12000004,East Midlands,region,24/06/2021,54.3,779,1
E12000004,East Midlands,region,23/06/2021,54.1,739,0
E12000004,East Midlands,region,22/06/2021,53.9,600,1
E12000004,East Midlands,region,21/06/2021,53.7,508,0
E12000004,East Midlands,region,20/06/2021,53.6,434,1
E12000004,East Midlands,region,19/06/2021,53.4,551,1
E12000004,East Midlands,region,18/06/2021,53.1,563,0
E12000004,East Midlands,region,17/06/2021,52.8,454,0
E12000004,East Midlands,region,16/06/2021,52.5,440,2
E12000004,East Midlands,region,15/06/2021,52.2,365,1
E12000004,East Midlands,region,14/06/2021,52,400,2
E12000004,East Midlands,region,13/06/2021,51.7,318,0
E12000004,East Midlands,region,12/06/2021,51.3,351,1
E12000004,East Midlands,region,11/06/2021,50.6,384,1
E12000004,East Midlands,region,10/06/2021,50.1,352,0
E12000004,East Midlands,region,09/06/2021,49.6,342,0
E12000004,East Midlands,region,08/06/2021,49,311,1
E12000004,East Midlands,region,07/06/2021,48.5,298,0
E12000004,East Midlands,region,06/06/2021,48,219,0
E12000004,East Midlands,region,05/06/2021,47.2,266,1
E12000004,East Midlands,region,04/06/2021,46.1,274,2
E12000004,East Midlands,region,03/06/2021,45.4,244,2
E12000004,East Midlands,region,02/06/2021,44.6,195,0
E12000004,East Midlands,region,01/06/2021,43.9,140,0
E12000004,East Midlands,region,31/05/2021,43.3,168,0
E12000004,East Midlands,region,30/05/2021,42.9,143,0
E12000004,East Midlands,region,29/05/2021,42.4,177,0
E12000004,East Midlands,region,28/05/2021,41.6,198,0
E12000004,East Midlands,region,27/05/2021,40.8,159,2
E12000004,East Midlands,region,26/05/2021,40.1,163,0
E12000004,East Midlands,region,25/05/2021,39.4,156,0
E12000004,East Midlands,region,24/05/2021,38.8,171,0
E12000004,East Midlands,region,23/05/2021,38.3,111,2
E12000004,East Midlands,region,22/05/2021,37.8,164,1
E12000004,East Midlands,region,21/05/2021,36.9,166,1
E12000004,East Midlands,region,20/05/2021,36.2,157,1
E12000004,East Midlands,region,19/05/2021,35.4,73,0
E12000004,East Midlands,region,18/05/2021,34.9,0,2
E12000004,East Midlands,region,17/05/2021,34.3,153,1
E12000004,East Midlands,region,16/05/2021,33.9,146,0
E12000004,East Midlands,region,15/05/2021,33.4,159,1
E12000004,East Midlands,region,14/05/2021,32.7,139,0
E12000004,East Midlands,region,13/05/2021,31.9,187,0
E12000004,East Midlands,region,12/05/2021,31.1,174,0
E12000004,East Midlands,region,11/05/2021,30.2,236,2
E12000004,East Midlands,region,10/05/2021,29.5,190,1
E12000004,East Midlands,region,09/05/2021,29,150,0
E12000004,East Midlands,region,08/05/2021,28.6,199,0
E12000004,East Midlands,region,07/05/2021,27.7,270,0
E12000004,East Midlands,region,06/05/2021,26.9,257,0
E12000004,East Midlands,region,05/05/2021,26.1,162,0
E12000004,East Midlands,region,04/05/2021,25.4,169,0
E12000004,East Midlands,region,03/05/2021,24.9,181,2
E12000004,East Midlands,region,02/05/2021,24.6,124,0
E12000004,East Midlands,region,01/05/2021,24.1,145,0
E12000004,East Midlands,region,30/04/2021,23.5,179,1
E12000004,East Midlands,region,29/04/2021,22.8,196,0
E12000004,East Midlands,region,28/04/2021,21.9,166,1
E12000004,East Midlands,region,27/04/2021,21.2,189,0
E12000004,East Midlands,region,26/04/2021,20.6,165,0
E12000004,East Midlands,region,25/04/2021,20,98,2
E12000004,East Midlands,region,24/04/2021,19.4,183,0
E12000004,East Midlands,region,23/04/2021,18.5,177,6
E12000004,East Midlands,region,22/04/2021,17.7,253,2
E12000004,East Midlands,region,21/04/2021,16.9,167,1
E12000004,East Midlands,region,20/04/2021,16.1,208,0
E12000004,East Midlands,region,19/04/2021,15.5,237,0
E12000004,East Midlands,region,18/04/2021,15.1,159,5
E12000004,East Midlands,region,17/04/2021,14.6,184,0
E12000004,East Midlands,region,16/04/2021,13.8,227,2
E12000004,East Midlands,region,15/04/2021,13,241,2
E12000004,East Midlands,region,14/04/2021,12.2,197,1
E12000004,East Midlands,region,13/04/2021,11.6,211,1
E12000004,East Midlands,region,12/04/2021,11.2,365,2
E12000004,East Midlands,region,11/04/2021,10.8,154,2
E12000004,East Midlands,region,10/04/2021,10.5,221,1
E12000004,East Midlands,region,09/04/2021,9.7,0,3
E12000004,East Midlands,region,08/04/2021,8.9,289,4
E12000004,East Midlands,region,07/04/2021,8.1,245,5
E12000004,East Midlands,region,06/04/2021,7.5,221,5
E12000004,East Midlands,region,05/04/2021,7.2,279,1
E12000004,East Midlands,region,04/04/2021,7,282,4
E12000004,East Midlands,region,03/04/2021,6.9,291,1
E12000004,East Midlands,region,02/04/2021,6.6,353,4
E12000004,East Midlands,region,01/04/2021,6.2,465,1
E12000004,East Midlands,region,31/03/2021,5.6,353,1
E12000004,East Midlands,region,30/03/2021,5,343,5
E12000004,East Midlands,region,29/03/2021,4.7,486,5
E12000004,East Midlands,region,28/03/2021,4.4,372,2
E12000004,East Midlands,region,27/03/2021,4.3,453,4
E12000004,East Midlands,region,26/03/2021,3.9,594,12
E12000004,East Midlands,region,25/03/2021,3.5,559,8
E12000004,East Midlands,region,24/03/2021,3.1,503,3
E12000004,East Midlands,region,23/03/2021,2.7,472,8
E12000004,East Midlands,region,22/03/2021,2.6,564,12
E12000004,East Midlands,region,21/03/2021,2.5,619,11
E12000004,East Midlands,region,20/03/2021,2.4,598,8
E12000004,East Midlands,region,19/03/2021,2.3,367,4
E12000004,East Midlands,region,18/03/2021,2.2,633,9
E12000004,East Midlands,region,17/03/2021,2.1,580,8
E12000004,East Midlands,region,16/03/2021,1.9,448,6
E12000004,East Midlands,region,15/03/2021,1.8,492,10
E12000004,East Midlands,region,14/03/2021,1.7,412,10
E12000004,East Midlands,region,13/03/2021,1.7,487,24
E12000004,East Midlands,region,12/03/2021,1.7,662,13
E12000004,East Midlands,region,11/03/2021,1.5,694,13
E12000004,East Midlands,region,10/03/2021,1.5,615,15
E12000004,East Midlands,region,09/03/2021,1.4,547,17
E12000004,East Midlands,region,08/03/2021,1.3,452,16
E12000004,East Midlands,region,07/03/2021,1.2,599,15
E12000004,East Midlands,region,06/03/2021,1.2,616,17
E12000004,East Midlands,region,05/03/2021,1.2,590,16
E12000004,East Midlands,region,04/03/2021,1.1,660,21
E12000004,East Midlands,region,03/03/2021,1.1,657,19
E12000004,East Midlands,region,02/03/2021,1,623,14
E12000004,East Midlands,region,01/03/2021,0.9,611,17
E12000004,East Midlands,region,28/02/2021,0.9,627,28
E12000004,East Midlands,region,27/02/2021,0.8,812,28
E12000004,East Midlands,region,26/02/2021,0.8,923,18
E12000004,East Midlands,region,25/02/2021,0.8,1353,20
E12000004,East Midlands,region,24/02/2021,0.7,1095,31
E12000004,East Midlands,region,23/02/2021,0.7,796,26
E12000004,East Midlands,region,22/02/2021,0.7,1077,19
E12000004,East Midlands,region,21/02/2021,0.6,1105,26
E12000004,East Midlands,region,20/02/2021,0.6,1187,36
E12000004,East Midlands,region,19/02/2021,0.6,1168,24
E12000004,East Midlands,region,18/02/2021,0.6,1373,38
E12000004,East Midlands,region,17/02/2021,0.6,1427,39
E12000004,East Midlands,region,16/02/2021,0.6,1125,54
E12000004,East Midlands,region,15/02/2021,0.6,884,58
E12000004,East Midlands,region,14/02/2021,0.6,1228,44
E12000004,East Midlands,region,13/02/2021,0.6,1411,38
E12000004,East Midlands,region,12/02/2021,0.6,1659,48
E12000004,East Midlands,region,11/02/2021,0.6,1296,51
E12000004,East Midlands,region,10/02/2021,0.6,1254,44
E12000004,East Midlands,region,09/02/2021,0.6,1054,71
E12000004,East Midlands,region,08/02/2021,0.6,1533,58
E12000004,East Midlands,region,07/02/2021,0.6,1516,58
E12000004,East Midlands,region,06/02/2021,0.6,1760,55
E12000004,East Midlands,region,05/02/2021,0.6,1744,63
E12000004,East Midlands,region,04/02/2021,0.6,1728,56
E12000004,East Midlands,region,03/02/2021,0.5,1720,70
E12000004,East Midlands,region,02/02/2021,0.5,1439,81
E12000004,East Midlands,region,01/02/2021,0.5,1617,80
E12000004,East Midlands,region,31/01/2021,0.5,1886,74
E12000004,East Midlands,region,30/01/2021,0.5,2241,73
E12000004,East Midlands,region,29/01/2021,0.5,2489,95
E12000004,East Midlands,region,28/01/2021,0.5,2296,74
E12000004,East Midlands,region,27/01/2021,0.5,1917,93
E12000004,East Midlands,region,26/01/2021,0.5,1392,84
E12000004,East Midlands,region,25/01/2021,0.5,1800,76
E12000004,East Midlands,region,24/01/2021,0.5,2475,86
E12000004,East Midlands,region,23/01/2021,0.5,2413,77
E12000004,East Midlands,region,22/01/2021,0.5,2881,77
E12000004,East Midlands,region,21/01/2021,0.5,2860,81
E12000004,East Midlands,region,20/01/2021,0.5,3074,99
E12000004,East Midlands,region,19/01/2021,0.5,2284,87
E12000004,East Midlands,region,18/01/2021,0.5,2664,85
E12000004,East Midlands,region,17/01/2021,0.5,2229,89
E12000004,East Midlands,region,16/01/2021,0.5,2651,98
E12000004,East Midlands,region,15/01/2021,0.5,3543,92
E12000004,East Midlands,region,14/01/2021,0.5,3029,86
E12000004,East Midlands,region,13/01/2021,0.5,3077,102
E12000004,East Midlands,region,12/01/2021,0.5,2757,77
E12000004,East Midlands,region,11/01/2021,0.5,2900,82
E12000004,East Midlands,region,10/01/2021,0.5,2848,54
E12000004,East Midlands,region,09/01/2021,0.4,3399,82
E12000004,East Midlands,region,08/01/2021,0.4,3453,61
E12000004,East Midlands,region,07/01/2021,0.3,3209,50
E12000004,East Midlands,region,06/01/2021,0.2,3662,56
E12000004,East Midlands,region,05/01/2021,0.2,3386,64
E12000004,East Midlands,region,04/01/2021,0.1,3802,54
E12000004,East Midlands,region,03/01/2021,0.1,1782,44
E12000004,East Midlands,region,02/01/2021,0.1,3151,55
E12000004,East Midlands,region,01/01/2021,,3079,45
E12000004,East Midlands,region,31/12/2020,,2782,53
E12000004,East Midlands,region,30/12/2020,,2430,55
E12000004,East Midlands,region,29/12/2020,,2569,46
E12000004,East Midlands,region,28/12/2020,,2269,31
E12000004,East Midlands,region,27/12/2020,,996,47
E12000004,East Midlands,region,26/12/2020,,1981,48
E12000004,East Midlands,region,25/12/2020,,1887,45
E12000004,East Midlands,region,24/12/2020,,2109,34
E12000004,East Midlands,region,23/12/2020,,1873,42
E12000004,East Midlands,region,22/12/2020,,1852,47
E12000004,East Midlands,region,21/12/2020,,1497,56
E12000004,East Midlands,region,20/12/2020,,1654,48
E12000004,East Midlands,region,19/12/2020,,1157,37
E12000004,East Midlands,region,18/12/2020,,1935,59
E12000004,East Midlands,region,17/12/2020,,1394,51
E12000004,East Midlands,region,16/12/2020,,1348,42
E12000004,East Midlands,region,15/12/2020,,1196,43
E12000004,East Midlands,region,14/12/2020,,1184,57
E12000004,East Midlands,region,13/12/2020,,1288,42
E12000004,East Midlands,region,12/12/2020,,1315,53
E12000004,East Midlands,region,11/12/2020,,1528,47
E12000004,East Midlands,region,10/12/2020,,1610,41
E12000004,East Midlands,region,09/12/2020,,994,44
E12000004,East Midlands,region,08/12/2020,,887,32
E12000004,East Midlands,region,07/12/2020,,1028,50
E12000004,East Midlands,region,06/12/2020,,1265,47
E12000004,East Midlands,region,05/12/2020,,1323,44
E12000004,East Midlands,region,04/12/2020,,1284,50
E12000004,East Midlands,region,03/12/2020,,1092,51
E12000004,East Midlands,region,02/12/2020,,1275,48
E12000004,East Midlands,region,01/12/2020,,1075,58
E12000004,East Midlands,region,30/11/2020,,1027,43
E12000004,East Midlands,region,29/11/2020,,898,46
E12000004,East Midlands,region,28/11/2020,,1331,54
E12000004,East Midlands,region,27/11/2020,,1237,51
E12000004,East Midlands,region,26/11/2020,,1530,51
E12000004,East Midlands,region,25/11/2020,,1540,48
E12000004,East Midlands,region,24/11/2020,,878,51
E12000004,East Midlands,region,23/11/2020,,1457,51
E12000004,East Midlands,region,22/11/2020,,1648,57
E12000004,East Midlands,region,21/11/2020,,2322,43
E12000004,East Midlands,region,20/11/2020,,1530,45
E12000004,East Midlands,region,19/11/2020,,1807,51
E12000004,East Midlands,region,18/11/2020,,1641,56
E12000004,East Midlands,region,17/11/2020,,1982,44
E12000004,East Midlands,region,16/11/2020,,3344,47
E12000004,East Midlands,region,15/11/2020,,2468,44
E12000004,East Midlands,region,14/11/2020,,2188,46
E12000004,East Midlands,region,13/11/2020,,2383,40
E12000004,East Midlands,region,12/11/2020,,3428,44
E12000004,East Midlands,region,11/11/2020,,1598,29
E12000004,East Midlands,region,10/11/2020,,2710,35
E12000004,East Midlands,region,09/11/2020,,2351,51
E12000004,East Midlands,region,08/11/2020,,2175,43
E12000004,East Midlands,region,07/11/2020,,2157,32
E12000004,East Midlands,region,06/11/2020,,2113,34
E12000004,East Midlands,region,05/11/2020,,2172,30
E12000004,East Midlands,region,04/11/2020,,1875,36
E12000004,East Midlands,region,03/11/2020,,1695,25
E12000004,East Midlands,region,02/11/2020,,1542,37
E12000004,East Midlands,region,01/11/2020,,2310,32
E12000004,East Midlands,region,31/10/2020,,2231,30
E12000004,East Midlands,region,30/10/2020,,2015,27
E12000004,East Midlands,region,29/10/2020,,2060,21
E12000004,East Midlands,region,28/10/2020,,1906,29
E12000004,East Midlands,region,27/10/2020,,1835,24
E12000004,East Midlands,region,26/10/2020,,1928,21
E12000004,East Midlands,region,25/10/2020,,1756,22
E12000004,East Midlands,region,24/10/2020,,2134,22
E12000004,East Midlands,region,23/10/2020,,1793,21
E12000004,East Midlands,region,22/10/2020,,1850,25
E12000004,East Midlands,region,21/10/2020,,1949,11
E12000004,East Midlands,region,20/10/2020,,1935,17
E12000004,East Midlands,region,19/10/2020,,1952,9
E12000004,East Midlands,region,18/10/2020,,1510,6
E12000004,East Midlands,region,17/10/2020,,1234,17
E12000004,East Midlands,region,16/10/2020,,658,10
E12000004,East Midlands,region,15/10/2020,,1999,14
E12000004,East Midlands,region,14/10/2020,,1876,9
E12000004,East Midlands,region,13/10/2020,,1541,10
E12000004,East Midlands,region,12/10/2020,,1340,6
E12000004,East Midlands,region,11/10/2020,,1141,7
E12000004,East Midlands,region,10/10/2020,,1177,3
E12000004,East Midlands,region,09/10/2020,,1397,5
E12000004,East Midlands,region,08/10/2020,,1853,2
E12000004,East Midlands,region,07/10/2020,,931,4
E12000004,East Midlands,region,06/10/2020,,888,3
E12000004,East Midlands,region,05/10/2020,,712,3
E12000004,East Midlands,region,04/10/2020,,1935,4
E12000004,East Midlands,region,03/10/2020,,800,7
E12000004,East Midlands,region,02/10/2020,,389,1
E12000004,East Midlands,region,01/10/2020,,428,2
E12000004,East Midlands,region,30/09/2020,,315,2
E12000004,East Midlands,region,29/09/2020,,349,3
E12000004,East Midlands,region,28/09/2020,,222,1
E12000004,East Midlands,region,27/09/2020,,253,4
E12000004,East Midlands,region,26/09/2020,,295,1
E12000004,East Midlands,region,25/09/2020,,300,3
E12000004,East Midlands,region,24/09/2020,,336,3
E12000004,East Midlands,region,23/09/2020,,341,1
E12000004,East Midlands,region,22/09/2020,,230,3
E12000004,East Midlands,region,21/09/2020,,210,3
E12000004,East Midlands,region,20/09/2020,,212,0
E12000004,East Midlands,region,19/09/2020,,206,2
E12000004,East Midlands,region,18/09/2020,,264,1
E12000004,East Midlands,region,17/09/2020,,180,0
E12000004,East Midlands,region,16/09/2020,,270,1
E12000004,East Midlands,region,15/09/2020,,220,1
E12000004,East Midlands,region,14/09/2020,,196,1
E12000004,East Midlands,region,13/09/2020,,242,1
E12000004,East Midlands,region,12/09/2020,,277,5
E12000004,East Midlands,region,11/09/2020,,299,0
E12000004,East Midlands,region,10/09/2020,,179,0
E12000004,East Midlands,region,09/09/2020,,180,1
E12000004,East Midlands,region,08/09/2020,,175,0
E12000004,East Midlands,region,07/09/2020,,226,1
E12000004,East Midlands,region,06/09/2020,,207,1
E12000004,East Midlands,region,05/09/2020,,137,0
E12000004,East Midlands,region,04/09/2020,,110,2
E12000004,East Midlands,region,03/09/2020,,98,0
E12000004,East Midlands,region,02/09/2020,,84,1
E12000004,East Midlands,region,01/09/2020,,61,0
E12000004,East Midlands,region,31/08/2020,,66,1
E12000004,East Midlands,region,30/08/2020,,103,2
E12000004,East Midlands,region,29/08/2020,,57,0
E12000004,East Midlands,region,28/08/2020,,70,0
E12000004,East Midlands,region,27/08/2020,,114,1
E12000004,East Midlands,region,26/08/2020,,61,0
E12000004,East Midlands,region,25/08/2020,,74,2
E12000004,East Midlands,region,24/08/2020,,63,0
E12000004,East Midlands,region,23/08/2020,,95,0
E12000004,East Midlands,region,22/08/2020,,131,1
E12000004,East Midlands,region,21/08/2020,,62,1
E12000004,East Midlands,region,20/08/2020,,116,1
E12000004,East Midlands,region,19/08/2020,,65,0
E12000004,East Midlands,region,18/08/2020,,79,0
E12000004,East Midlands,region,17/08/2020,,77,0
E12000004,East Midlands,region,16/08/2020,,77,0
E12000004,East Midlands,region,15/08/2020,,112,0
E12000004,East Midlands,region,14/08/2020,,416,0
E12000004,East Midlands,region,13/08/2020,,0,1
E12000004,East Midlands,region,12/08/2020,,76,1
E12000004,East Midlands,region,11/08/2020,,123,2
E12000004,East Midlands,region,10/08/2020,,83,2
E12000004,East Midlands,region,09/08/2020,,87,0
E12000004,East Midlands,region,08/08/2020,,64,1
E12000004,East Midlands,region,07/08/2020,,102,0
E12000004,East Midlands,region,06/08/2020,,76,0
E12000004,East Midlands,region,05/08/2020,,98,0
E12000004,East Midlands,region,04/08/2020,,87,2
E12000004,East Midlands,region,03/08/2020,,108,1
E12000004,East Midlands,region,02/08/2020,,83,2
E12000004,East Midlands,region,01/08/2020,,77,0
E12000004,East Midlands,region,31/07/2020,,96,0
E12000004,East Midlands,region,30/07/2020,,67,1
E12000004,East Midlands,region,29/07/2020,,92,1
E12000004,East Midlands,region,28/07/2020,,23,1
E12000004,East Midlands,region,27/07/2020,,65,1
E12000004,East Midlands,region,26/07/2020,,100,4
E12000004,East Midlands,region,25/07/2020,,69,2
E12000004,East Midlands,region,24/07/2020,,83,0
E12000004,East Midlands,region,23/07/2020,,78,1
E12000004,East Midlands,region,22/07/2020,,60,0
E12000004,East Midlands,region,21/07/2020,,33,5
E12000004,East Midlands,region,20/07/2020,,76,2
E12000004,East Midlands,region,19/07/2020,,109,3
E12000004,East Midlands,region,18/07/2020,,110,1
E12000004,East Midlands,region,17/07/2020,,104,2
E12000004,East Midlands,region,16/07/2020,,103,4
E12000004,East Midlands,region,15/07/2020,,76,4
E12000004,East Midlands,region,14/07/2020,,48,2
E12000004,East Midlands,region,13/07/2020,,93,1
E12000004,East Midlands,region,12/07/2020,,110,2
E12000004,East Midlands,region,11/07/2020,,116,2
E12000004,East Midlands,region,10/07/2020,,65,2
E12000004,East Midlands,region,09/07/2020,,118,5
E12000004,East Midlands,region,08/07/2020,,139,2
E12000004,East Midlands,region,07/07/2020,,131,2
E12000004,East Midlands,region,06/07/2020,,69,3
E12000004,East Midlands,region,05/07/2020,,106,4
E12000004,East Midlands,region,04/07/2020,,103,2
E12000004,East Midlands,region,03/07/2020,,113,1
E12000004,East Midlands,region,02/07/2020,,96,4
E12000004,East Midlands,region,01/07/2020,,10820,4
E12000004,East Midlands,region,30/06/2020,,19,5
E12000004,East Midlands,region,29/06/2020,,11,5
E12000004,East Midlands,region,28/06/2020,,13,4
E12000004,East Midlands,region,27/06/2020,,28,6
E12000004,East Midlands,region,26/06/2020,,15,5
E12000004,East Midlands,region,25/06/2020,,32,12
E12000004,East Midlands,region,24/06/2020,,10,13
E12000004,East Midlands,region,23/06/2020,,18,6
E12000004,East Midlands,region,22/06/2020,,20,7
E12000004,East Midlands,region,21/06/2020,,16,7
E12000004,East Midlands,region,20/06/2020,,43,12
E12000004,East Midlands,region,19/06/2020,,31,9
E12000004,East Midlands,region,18/06/2020,,25,12
E12000004,East Midlands,region,17/06/2020,,22,6
E12000004,East Midlands,region,16/06/2020,,37,6
E12000004,East Midlands,region,15/06/2020,,24,8
E12000004,East Midlands,region,14/06/2020,,27,12
E12000004,East Midlands,region,13/06/2020,,36,5
E12000004,East Midlands,region,12/06/2020,,40,12
E12000004,East Midlands,region,11/06/2020,,29,18
E12000004,East Midlands,region,10/06/2020,,0,11
E12000004,East Midlands,region,09/06/2020,,58,13
E12000004,East Midlands,region,08/06/2020,,9,16
E12000004,East Midlands,region,07/06/2020,,17,12
E12000004,East Midlands,region,06/06/2020,,42,16
E12000004,East Midlands,region,05/06/2020,,18,8
E12000004,East Midlands,region,04/06/2020,,40,15
E12000004,East Midlands,region,03/06/2020,,30,19
E12000004,East Midlands,region,02/06/2020,,49,12
E12000004,East Midlands,region,01/06/2020,,34,17
E12000004,East Midlands,region,31/05/2020,,39,14
E12000004,East Midlands,region,30/05/2020,,42,17
E12000004,East Midlands,region,29/05/2020,,51,10
E12000004,East Midlands,region,28/05/2020,,67,19
E12000004,East Midlands,region,27/05/2020,,40,20
E12000004,East Midlands,region,26/05/2020,,30,23
E12000004,East Midlands,region,25/05/2020,,42,19
E12000004,East Midlands,region,24/05/2020,,57,14
E12000004,East Midlands,region,23/05/2020,,78,29
E12000004,East Midlands,region,22/05/2020,,83,21
E12000004,East Midlands,region,21/05/2020,,77,24
E12000004,East Midlands,region,20/05/2020,,96,24
E12000004,East Midlands,region,19/05/2020,,65,22
E12000004,East Midlands,region,18/05/2020,,91,27
E12000004,East Midlands,region,17/05/2020,,69,16
E12000004,East Midlands,region,16/05/2020,,86,22
E12000004,East Midlands,region,15/05/2020,,120,19
E12000004,East Midlands,region,14/05/2020,,103,31
E12000004,East Midlands,region,13/05/2020,,84,16
E12000004,East Midlands,region,12/05/2020,,145,33
E12000004,East Midlands,region,11/05/2020,,65,29
E12000004,East Midlands,region,10/05/2020,,65,24
E12000004,East Midlands,region,09/05/2020,,85,34
E12000004,East Midlands,region,08/05/2020,,80,31
E12000004,East Midlands,region,07/05/2020,,101,33
E12000004,East Midlands,region,06/05/2020,,82,35
E12000004,East Midlands,region,05/05/2020,,67,39
E12000004,East Midlands,region,04/05/2020,,68,42
E12000004,East Midlands,region,03/05/2020,,71,40
E12000004,East Midlands,region,02/05/2020,,125,33
E12000004,East Midlands,region,01/05/2020,,132,40
E12000004,East Midlands,region,30/04/2020,,217,42
E12000004,East Midlands,region,29/04/2020,,119,50
E12000004,East Midlands,region,28/04/2020,,104,43
E12000004,East Midlands,region,27/04/2020,,120,44
E12000004,East Midlands,region,26/04/2020,,97,48
E12000004,East Midlands,region,25/04/2020,,149,41
E12000004,East Midlands,region,24/04/2020,,139,40
E12000004,East Midlands,region,23/04/2020,,172,51
E12000004,East Midlands,region,22/04/2020,,259,38
E12000004,East Midlands,region,21/04/2020,,120,40
E12000004,East Midlands,region,20/04/2020,,97,65
E12000004,East Midlands,region,19/04/2020,,236,52
E12000004,East Midlands,region,18/04/2020,,138,48
E12000004,East Midlands,region,17/04/2020,,169,61
E12000004,East Midlands,region,16/04/2020,,,31
E12000004,East Midlands,region,15/04/2020,,,67
E12000004,East Midlands,region,14/04/2020,,,61
E12000004,East Midlands,region,13/04/2020,,,49
E12000004,East Midlands,region,12/04/2020,,,57
E12000004,East Midlands,region,11/04/2020,,,63
E12000004,East Midlands,region,10/04/2020,,,56
E12000004,East Midlands,region,09/04/2020,,,63
E12000004,East Midlands,region,08/04/2020,,,67
E12000004,East Midlands,region,07/04/2020,,,49
E12000004,East Midlands,region,06/04/2020,,,68
E12000004,East Midlands,region,05/04/2020,,,60
E12000004,East Midlands,region,04/04/2020,,,53
E12000004,East Midlands,region,03/04/2020,,,52
E12000004,East Midlands,region,02/04/2020,,,46
E12000004,East Midlands,region,01/04/2020,,,44
E12000004,East Midlands,region,31/03/2020,,,37
E12000004,East Midlands,region,30/03/2020,,,24
E12000004,East Midlands,region,29/03/2020,,,25
E12000004,East Midlands,region,28/03/2020,,,23
E12000004,East Midlands,region,27/03/2020,,,21
E12000004,East Midlands,region,26/03/2020,,,18
E12000004,East Midlands,region,25/03/2020,,,11
E12000004,East Midlands,region,24/03/2020,,,14
E12000004,East Midlands,region,23/03/2020,,,10
E12000004,East Midlands,region,22/03/2020,,,14
E12000004,East Midlands,region,21/03/2020,,,2
E12000004,East Midlands,region,20/03/2020,,,4
E12000004,East Midlands,region,19/03/2020,,,1
E12000004,East Midlands,region,18/03/2020,,,3
E12000004,East Midlands,region,17/03/2020,,,0
E12000004,East Midlands,region,16/03/2020,,,4
E12000004,East Midlands,region,15/03/2020,,,0
E12000004,East Midlands,region,14/03/2020,,,1
E12000004,East Midlands,region,13/03/2020,,,1
E12000004,East Midlands,region,12/03/2020,,,1
E12000004,East Midlands,region,11/03/2020,,,0
E12000004,East Midlands,region,10/03/2020,,,0
E12000004,East Midlands,region,09/03/2020,,,0
E12000004,East Midlands,region,08/03/2020,,,0
E12000004,East Midlands,region,07/03/2020,,,0
E12000004,East Midlands,region,06/03/2020,,,0
E12000004,East Midlands,region,05/03/2020,,,0
E12000004,East Midlands,region,04/03/2020,,,0
E12000004,East Midlands,region,03/03/2020,,,1
E12000007,London,region,02/12/2021,,6901,
E12000007,London,region,01/12/2021,60.8,5668,1
E12000007,London,region,30/11/2021,60.8,4653,7
E12000007,London,region,29/11/2021,60.7,5089,5
E12000007,London,region,28/11/2021,60.7,3716,11
E12000007,London,region,27/11/2021,60.6,5079,6
E12000007,London,region,26/11/2021,60.5,5830,6
E12000007,London,region,25/11/2021,60.5,5319,8
E12000007,London,region,24/11/2021,60.5,4457,17
E12000007,London,region,23/11/2021,60.4,4261,11
E12000007,London,region,22/11/2021,60.4,4347,6
E12000007,London,region,21/11/2021,60.3,4536,7
E12000007,London,region,20/11/2021,60.3,4231,8
E12000007,London,region,19/11/2021,60.3,4358,8
E12000007,London,region,18/11/2021,60.2,4924,6
E12000007,London,region,17/11/2021,60.2,2993,5
E12000007,London,region,16/11/2021,60.1,3194,8
E12000007,London,region,15/11/2021,60.1,3343,11
E12000007,London,region,14/11/2021,60,3652,10
E12000007,London,region,13/11/2021,60,4088,14
E12000007,London,region,12/11/2021,60,3590,8
E12000007,London,region,11/11/2021,59.9,4136,13
E12000007,London,region,10/11/2021,59.9,3471,14
E12000007,London,region,09/11/2021,59.8,2845,10
E12000007,London,region,08/11/2021,59.8,2735,14
E12000007,London,region,07/11/2021,59.8,2736,10
E12000007,London,region,06/11/2021,59.7,2950,15
E12000007,London,region,05/11/2021,59.7,2993,14
E12000007,London,region,04/11/2021,59.6,3115,12
E12000007,London,region,03/11/2021,59.6,3720,10
E12000007,London,region,02/11/2021,59.6,2935,15
E12000007,London,region,01/11/2021,59.5,3322,11
E12000007,London,region,31/10/2021,59.5,3014,12
E12000007,London,region,30/10/2021,59.5,3555,10
E12000007,London,region,29/10/2021,59.4,3615,10
E12000007,London,region,28/10/2021,59.4,3473,11
E12000007,London,region,27/10/2021,59.3,3801,17
E12000007,London,region,26/10/2021,59.3,3225,10
E12000007,London,region,25/10/2021,59.2,3118,12
E12000007,London,region,24/10/2021,59.2,3279,10
E12000007,London,region,23/10/2021,59.2,4435,7
E12000007,London,region,22/10/2021,59.1,3928,12
E12000007,London,region,21/10/2021,59,4342,9
E12000007,London,region,20/10/2021,59,3648,7
E12000007,London,region,19/10/2021,59,3317,9
E12000007,London,region,18/10/2021,58.9,3806,10
E12000007,London,region,17/10/2021,58.9,3448,12
E12000007,London,region,16/10/2021,58.8,3485,7
E12000007,London,region,15/10/2021,58.8,3301,5
E12000007,London,region,14/10/2021,58.7,2947,12
E12000007,London,region,13/10/2021,58.7,3271,6
E12000007,London,region,12/10/2021,58.6,2748,4
E12000007,London,region,11/10/2021,58.6,3050,8
E12000007,London,region,10/10/2021,58.5,2855,8
E12000007,London,region,09/10/2021,58.5,2589,11
E12000007,London,region,08/10/2021,58.4,2942,10
E12000007,London,region,07/10/2021,58.3,3077,6
E12000007,London,region,06/10/2021,58.3,2890,10
E12000007,London,region,05/10/2021,58.3,3135,11
E12000007,London,region,04/10/2021,58.2,2665,9
E12000007,London,region,03/10/2021,58.2,2274,6
E12000007,London,region,02/10/2021,58.1,2344,12
E12000007,London,region,01/10/2021,58,2195,16
E12000007,London,region,30/09/2021,58,2439,13
E12000007,London,region,29/09/2021,57.9,3072,13
E12000007,London,region,28/09/2021,57.9,2831,13
E12000007,London,region,27/09/2021,57.8,2960,16
E12000007,London,region,26/09/2021,57.7,2260,6
E12000007,London,region,25/09/2021,57.7,3074,10
E12000007,London,region,24/09/2021,57.6,2783,13
E12000007,London,region,23/09/2021,57.5,2494,14
E12000007,London,region,22/09/2021,57.5,2593,11
E12000007,London,region,21/09/2021,57.4,2450,8
E12000007,London,region,20/09/2021,57.3,2647,7
E12000007,London,region,19/09/2021,57.2,2402,9
E12000007,London,region,18/09/2021,57.2,2179,11
E12000007,London,region,17/09/2021,57,2597,8
E12000007,London,region,16/09/2021,56.9,2620,10
E12000007,London,region,15/09/2021,56.8,2588,11
E12000007,London,region,14/09/2021,56.7,2073,12
E12000007,London,region,13/09/2021,56.6,2673,4
E12000007,London,region,12/09/2021,56.5,2239,8
E12000007,London,region,11/09/2021,56.4,2857,8
E12000007,London,region,10/09/2021,56.3,3025,10
E12000007,London,region,09/09/2021,56.2,3439,16
E12000007,London,region,08/09/2021,56,3536,13
E12000007,London,region,07/09/2021,55.9,2972,11
E12000007,London,region,06/09/2021,55.7,2853,16
E12000007,London,region,05/09/2021,55.6,3641,9
E12000007,London,region,04/09/2021,55.5,3593,8
E12000007,London,region,03/09/2021,55.3,3530,21
E12000007,London,region,02/09/2021,55.1,3377,12
E12000007,London,region,01/09/2021,54.9,2834,11
E12000007,London,region,31/08/2021,54.7,2409,12
E12000007,London,region,30/08/2021,54.5,2751,8
E12000007,London,region,29/08/2021,54.4,2517,7
E12000007,London,region,28/08/2021,54.3,3272,14
E12000007,London,region,27/08/2021,54.1,3355,11
E12000007,London,region,26/08/2021,53.8,3472,13
E12000007,London,region,25/08/2021,53.6,3544,10
E12000007,London,region,24/08/2021,53.3,2782,8
E12000007,London,region,23/08/2021,53.1,2754,15
E12000007,London,region,22/08/2021,52.8,2977,13
E12000007,London,region,21/08/2021,52.7,3424,13
E12000007,London,region,20/08/2021,52.4,4093,16
E12000007,London,region,19/08/2021,52.1,3272,13
E12000007,London,region,18/08/2021,51.8,3489,10
E12000007,London,region,17/08/2021,51.5,3032,12
E12000007,London,region,16/08/2021,51.2,3166,10
E12000007,London,region,15/08/2021,50.9,3157,13
E12000007,London,region,14/08/2021,50.7,3870,12
E12000007,London,region,13/08/2021,50.4,4249,7
E12000007,London,region,12/08/2021,50.1,4005,17
E12000007,London,region,11/08/2021,49.8,3736,12
E12000007,London,region,10/08/2021,49.5,2844,5
E12000007,London,region,09/08/2021,49.2,2985,8
E12000007,London,region,08/08/2021,48.9,3662,7
E12000007,London,region,07/08/2021,48.7,3898,8
E12000007,London,region,06/08/2021,48.4,4409,8
E12000007,London,region,05/08/2021,48.1,3768,15
E12000007,London,region,04/08/2021,47.8,3876,13
E12000007,London,region,03/08/2021,47.5,2978,6
E12000007,London,region,02/08/2021,47.3,2719,9
E12000007,London,region,01/08/2021,47,3121,9
E12000007,London,region,31/07/2021,46.8,3686,8
E12000007,London,region,30/07/2021,46.4,3753,12
E12000007,London,region,29/07/2021,46.2,4333,11
E12000007,London,region,28/07/2021,45.8,3340,11
E12000007,London,region,27/07/2021,45.6,3227,3
E12000007,London,region,26/07/2021,45.3,3056,8
E12000007,London,region,25/07/2021,45,3926,5
E12000007,London,region,24/07/2021,44.8,4557,5
E12000007,London,region,23/07/2021,44.4,5187,10
E12000007,London,region,22/07/2021,44,4463,6
E12000007,London,region,21/07/2021,43.7,5763,8
E12000007,London,region,20/07/2021,43.4,7086,8
E12000007,London,region,19/07/2021,43.1,3940,6
E12000007,London,region,18/07/2021,42.9,5451,7
E12000007,London,region,17/07/2021,42.6,6592,3
E12000007,London,region,16/07/2021,42.2,6296,2
E12000007,London,region,15/07/2021,41.9,5743,2
E12000007,London,region,14/07/2021,41.6,4751,3
E12000007,London,region,13/07/2021,41.3,4126,4
E12000007,London,region,12/07/2021,41,4201,2
E12000007,London,region,11/07/2021,40.8,3669,0
E12000007,London,region,10/07/2021,40.7,4131,3
E12000007,London,region,09/07/2021,40.3,3046,2
E12000007,London,region,08/07/2021,40,3234,2
E12000007,London,region,07/07/2021,39.8,3314,2
E12000007,London,region,06/07/2021,39.5,3633,2
E12000007,London,region,05/07/2021,39.2,3343,2
E12000007,London,region,04/07/2021,39,2218,1
E12000007,London,region,03/07/2021,38.8,2531,3
E12000007,London,region,02/07/2021,38.5,2651,2
E12000007,London,region,01/07/2021,38.2,2705,3
E12000007,London,region,30/06/2021,37.9,2598,4
E12000007,London,region,29/06/2021,37.6,2069,3
E12000007,London,region,28/06/2021,37.3,2306,0
E12000007,London,region,27/06/2021,37.1,1493,3
E12000007,London,region,26/06/2021,36.9,1993,0
E12000007,London,region,25/06/2021,36.5,1699,3
E12000007,London,region,24/06/2021,36.2,1731,3
E12000007,London,region,23/06/2021,35.9,1609,0
E12000007,London,region,22/06/2021,35.6,1066,0
E12000007,London,region,21/06/2021,35.4,1023,2
E12000007,London,region,20/06/2021,35.1,886,1
E12000007,London,region,19/06/2021,35,1172,2
E12000007,London,region,18/06/2021,34.6,1200,4
E12000007,London,region,17/06/2021,34.3,1225,2
E12000007,London,region,16/06/2021,33.9,1168,1
E12000007,London,region,15/06/2021,33.6,813,1
E12000007,London,region,14/06/2021,33.3,778,0
E12000007,London,region,13/06/2021,33,932,1
E12000007,London,region,12/06/2021,32.8,962,5
E12000007,London,region,11/06/2021,32.4,948,0
E12000007,London,region,10/06/2021,32,1058,0
E12000007,London,region,09/06/2021,31.6,994,2
E12000007,London,region,08/06/2021,31.2,773,1
E12000007,London,region,07/06/2021,30.9,601,0
E12000007,London,region,06/06/2021,30.5,635,2
E12000007,London,region,05/06/2021,30.2,702,1
E12000007,London,region,04/06/2021,29.7,820,1
E12000007,London,region,03/06/2021,29.3,669,1
E12000007,London,region,02/06/2021,28.9,573,1
E12000007,London,region,01/06/2021,28.5,384,0
E12000007,London,region,31/05/2021,28.1,381,0
E12000007,London,region,30/05/2021,27.9,355,1
E12000007,London,region,29/05/2021,27.7,485,1
E12000007,London,region,28/05/2021,27.3,495,0
E12000007,London,region,27/05/2021,26.8,403,1
E12000007,London,region,26/05/2021,26.3,323,3
E12000007,London,region,25/05/2021,25.9,295,0
E12000007,London,region,24/05/2021,25.5,310,1
E12000007,London,region,23/05/2021,25.1,233,1
E12000007,London,region,22/05/2021,24.8,309,0
E12000007,London,region,21/05/2021,24.2,355,0
E12000007,London,region,20/05/2021,23.7,306,2
E12000007,London,region,19/05/2021,23.3,262,0
E12000007,London,region,18/05/2021,22.8,0,0
E12000007,London,region,17/05/2021,22.5,212,0
E12000007,London,region,16/05/2021,22.2,217,1
E12000007,London,region,15/05/2021,21.9,252,2
E12000007,London,region,14/05/2021,21.5,287,0
E12000007,London,region,13/05/2021,21.1,299,0
E12000007,London,region,12/05/2021,20.6,277,0
E12000007,London,region,11/05/2021,20.2,352,0
E12000007,London,region,10/05/2021,19.7,273,2
E12000007,London,region,09/05/2021,19.4,238,0
E12000007,London,region,08/05/2021,19.2,253,0
E12000007,London,region,07/05/2021,18.7,333,2
E12000007,London,region,06/05/2021,18.1,252,0
E12000007,London,region,05/05/2021,17.5,278,3
E12000007,London,region,04/05/2021,17.1,216,1
E12000007,London,region,03/05/2021,16.8,193,1
E12000007,London,region,02/05/2021,16.7,216,1
E12000007,London,region,01/05/2021,16.6,201,1
E12000007,London,region,30/04/2021,16.2,310,1
E12000007,London,region,29/04/2021,15.8,307,0
E12000007,London,region,28/04/2021,15.3,257,5
E12000007,London,region,27/04/2021,14.9,401,2
E12000007,London,region,26/04/2021,14.5,263,0
E12000007,London,region,25/04/2021,14.2,187,2
E12000007,London,region,24/04/2021,14,251,1
E12000007,London,region,23/04/2021,13.5,391,0
E12000007,London,region,22/04/2021,13,376,0
E12000007,London,region,21/04/2021,12.6,296,1
E12000007,London,region,20/04/2021,12.1,406,2
E12000007,London,region,19/04/2021,11.7,378,3
E12000007,London,region,18/04/2021,11.4,205,1
E12000007,London,region,17/04/2021,11.1,357,1
E12000007,London,region,16/04/2021,10.6,380,2
E12000007,London,region,15/04/2021,10,315,2
E12000007,London,region,14/04/2021,9.5,341,0
E12000007,London,region,13/04/2021,9,274,2
E12000007,London,region,12/04/2021,8.7,422,0
E12000007,London,region,11/04/2021,8.5,171,3
E12000007,London,region,10/04/2021,8.3,247,3
E12000007,London,region,09/04/2021,7.8,0,1
E12000007,London,region,08/04/2021,7.3,291,2
E12000007,London,region,07/04/2021,6.7,317,2
E12000007,London,region,06/04/2021,6.2,194,1
E12000007,London,region,05/04/2021,6,208,1
E12000007,London,region,04/04/2021,5.9,237,1
E12000007,London,region,03/04/2021,5.9,350,4
E12000007,London,region,02/04/2021,5.7,286,0
E12000007,London,region,01/04/2021,5.5,393,3
E12000007,London,region,31/03/2021,4.9,402,2
E12000007,London,region,30/03/2021,4.3,468,2
E12000007,London,region,29/03/2021,4,386,2
E12000007,London,region,28/03/2021,3.8,402,2
E12000007,London,region,27/03/2021,3.7,383,6
E12000007,London,region,26/03/2021,3.5,501,2
E12000007,London,region,25/03/2021,3.3,604,1
E12000007,London,region,24/03/2021,3,508,5
E12000007,London,region,23/03/2021,2.6,495,1
E12000007,London,region,22/03/2021,2.4,480,6
E12000007,London,region,21/03/2021,2.4,372,3
E12000007,London,region,20/03/2021,2.3,470,2
E12000007,London,region,19/03/2021,2.3,405,3
E12000007,London,region,18/03/2021,2.1,535,2
E12000007,London,region,17/03/2021,1.9,542,7
E12000007,London,region,16/03/2021,1.8,451,5
E12000007,London,region,15/03/2021,1.7,389,6
E12000007,London,region,14/03/2021,1.7,384,4
E12000007,London,region,13/03/2021,1.6,516,9
E12000007,London,region,12/03/2021,1.6,565,1
E12000007,London,region,11/03/2021,1.5,689,6
E12000007,London,region,10/03/2021,1.4,461,10
E12000007,London,region,09/03/2021,1.3,631,8
E12000007,London,region,08/03/2021,1.3,400,7
E12000007,London,region,07/03/2021,1.2,436,9
E12000007,London,region,06/03/2021,1.2,663,13
E12000007,London,region,05/03/2021,1.2,542,15
E12000007,London,region,04/03/2021,1.1,623,12
E12000007,London,region,03/03/2021,1,504,7
E12000007,London,region,02/03/2021,1,629,14
E12000007,London,region,01/03/2021,0.9,522,20
E12000007,London,region,28/02/2021,0.9,478,10
E12000007,London,region,27/02/2021,0.9,678,12
E12000007,London,region,26/02/2021,0.9,784,15
E12000007,London,region,25/02/2021,0.8,919,19
E12000007,London,region,24/02/2021,0.8,952,20
E12000007,London,region,23/02/2021,0.8,923,19
E12000007,London,region,22/02/2021,0.8,848,21
E12000007,London,region,21/02/2021,0.8,903,38
E12000007,London,region,20/02/2021,0.8,1075,31
E12000007,London,region,19/02/2021,0.7,1328,33
E12000007,London,region,18/02/2021,0.7,1391,37
E12000007,London,region,17/02/2021,0.7,1054,40
E12000007,London,region,16/02/2021,0.7,1084,43
E12000007,London,region,15/02/2021,0.7,1064,44
E12000007,London,region,14/02/2021,0.7,893,37
E12000007,London,region,13/02/2021,0.7,1496,41
E12000007,London,region,12/02/2021,0.7,1807,41
E12000007,London,region,11/02/2021,0.7,1588,42
E12000007,London,region,10/02/2021,0.7,1579,64
E12000007,London,region,09/02/2021,0.7,1567,56
E12000007,London,region,08/02/2021,0.7,1770,65
E12000007,London,region,07/02/2021,0.7,2088,66
E12000007,London,region,06/02/2021,0.7,2351,76
E12000007,London,region,05/02/2021,0.7,2671,91
E12000007,London,region,04/02/2021,0.7,3268,66
E12000007,London,region,03/02/2021,0.7,2973,107
E12000007,London,region,02/02/2021,0.7,2765,96
E12000007,London,region,01/02/2021,0.7,2851,92
E12000007,London,region,31/01/2021,0.7,3002,101
E12000007,London,region,30/01/2021,0.7,3541,86
E12000007,London,region,29/01/2021,0.7,5258,121
E12000007,London,region,28/01/2021,0.7,4367,125
E12000007,London,region,27/01/2021,0.7,4076,126
E12000007,London,region,26/01/2021,0.7,3816,125
E12000007,London,region,25/01/2021,0.6,3836,155
E12000007,London,region,24/01/2021,0.6,5720,151
E12000007,London,region,23/01/2021,0.6,6291,158
E12000007,London,region,22/01/2021,0.6,7933,160
E12000007,London,region,21/01/2021,0.6,7735,182
E12000007,London,region,20/01/2021,0.6,6190,185
E12000007,London,region,19/01/2021,0.6,6237,206
E12000007,London,region,18/01/2021,0.6,7051,202
E12000007,London,region,17/01/2021,0.6,9995,207
E12000007,London,region,16/01/2021,0.6,8838,198
E12000007,London,region,15/01/2021,0.6,10977,183
E12000007,London,region,14/01/2021,0.6,9804,196
E12000007,London,region,13/01/2021,0.6,10020,198
E12000007,London,region,12/01/2021,0.6,8559,192
E12000007,London,region,11/01/2021,0.5,10110,184
E12000007,London,region,10/01/2021,0.5,13674,192
E12000007,London,region,09/01/2021,0.5,15299,179
E12000007,London,region,08/01/2021,0.4,17111,175
E12000007,London,region,07/01/2021,0.3,10150,186
E12000007,London,region,06/01/2021,0.2,14892,160
E12000007,London,region,05/01/2021,0.1,14700,177
E12000007,London,region,04/01/2021,,11370,160
E12000007,London,region,03/01/2021,,14212,136
E12000007,London,region,02/01/2021,,13178,146
E12000007,London,region,01/01/2021,,15089,135
E12000007,London,region,31/12/2020,,12404,129
E12000007,London,region,30/12/2020,,12830,124
E12000007,London,region,29/12/2020,,14875,109
E12000007,London,region,28/12/2020,,12341,102
E12000007,London,region,27/12/2020,,9719,103
E12000007,London,region,26/12/2020,,8516,93
E12000007,London,region,25/12/2020,,9790,88
E12000007,London,region,24/12/2020,,10713,65
E12000007,London,region,23/12/2020,,9873,69
E12000007,London,region,22/12/2020,,10201,75
E12000007,London,region,21/12/2020,,9458,63
E12000007,London,region,20/12/2020,,11577,52
E12000007,London,region,19/12/2020,,6931,47
E12000007,London,region,18/12/2020,,7378,43
E12000007,London,region,17/12/2020,,5762,61
E12000007,London,region,16/12/2020,,6777,30
E12000007,London,region,15/12/2020,,4238,45
E12000007,London,region,14/12/2020,,5322,37
E12000007,London,region,13/12/2020,,4166,29
E12000007,London,region,12/12/2020,,4283,41
E12000007,London,region,11/12/2020,,4755,27
E12000007,London,region,10/12/2020,,4144,28
E12000007,London,region,09/12/2020,,2550,30
E12000007,London,region,08/12/2020,,2203,34
E12000007,London,region,07/12/2020,,2460,34
E12000007,London,region,06/12/2020,,3198,27
E12000007,London,region,05/12/2020,,2376,27
E12000007,London,region,04/12/2020,,2823,33
E12000007,London,region,03/12/2020,,2081,34
E12000007,London,region,02/12/2020,,2614,28
E12000007,London,region,01/12/2020,,1964,22
E12000007,London,region,30/11/2020,,2069,26
E12000007,London,region,29/11/2020,,1639,48
E12000007,London,region,28/11/2020,,2260,33
E12000007,London,region,27/11/2020,,1800,21
E12000007,London,region,26/11/2020,,2085,29
E12000007,London,region,25/11/2020,,2503,38
E12000007,London,region,24/11/2020,,1409,30
E12000007,London,region,23/11/2020,,2075,18
E12000007,London,region,22/11/2020,,2979,29
E12000007,London,region,21/11/2020,,2547,19
E12000007,London,region,20/11/2020,,1908,28
E12000007,London,region,19/11/2020,,2540,27
E12000007,London,region,18/11/2020,,2023,20
E12000007,London,region,17/11/2020,,2102,30
E12000007,London,region,16/11/2020,,674,30
E12000007,London,region,15/11/2020,,2643,19
E12000007,London,region,14/11/2020,,2588,20
E12000007,London,region,13/11/2020,,2917,13
E12000007,London,region,12/11/2020,,3929,20
E12000007,London,region,11/11/2020,,2053,12
E12000007,London,region,10/11/2020,,1501,15
E12000007,London,region,09/11/2020,,2088,28
E12000007,London,region,08/11/2020,,1804,19
E12000007,London,region,07/11/2020,,2352,23
E12000007,London,region,06/11/2020,,1948,16
E12000007,London,region,05/11/2020,,2083,15
E12000007,London,region,04/11/2020,,2307,16
E12000007,London,region,03/11/2020,,1575,13
E12000007,London,region,02/11/2020,,1739,18
E12000007,London,region,01/11/2020,,2056,17
E12000007,London,region,31/10/2020,,1568,8
E12000007,London,region,30/10/2020,,2431,14
E12000007,London,region,29/10/2020,,1933,12
E12000007,London,region,28/10/2020,,2477,21
E12000007,London,region,27/10/2020,,1999,14
E12000007,London,region,26/10/2020,,1807,12
E12000007,London,region,25/10/2020,,1791,11
E12000007,London,region,24/10/2020,,2221,18
E12000007,London,region,23/10/2020,,1718,6
E12000007,London,region,22/10/2020,,1646,11
E12000007,London,region,21/10/2020,,2862,15
E12000007,London,region,20/10/2020,,1480,7
E12000007,London,region,19/10/2020,,1945,11
E12000007,London,region,18/10/2020,,1646,6
E12000007,London,region,17/10/2020,,1166,4
E12000007,London,region,16/10/2020,,1394,7
E12000007,London,region,15/10/2020,,1843,12
E12000007,London,region,14/10/2020,,1722,4
E12000007,London,region,13/10/2020,,1441,5
E12000007,London,region,12/10/2020,,801,6
E12000007,London,region,11/10/2020,,637,4
E12000007,London,region,10/10/2020,,1174,5
E12000007,London,region,09/10/2020,,1457,7
E12000007,London,region,08/10/2020,,1252,5
E12000007,London,region,07/10/2020,,1310,6
E12000007,London,region,06/10/2020,,916,5
E12000007,London,region,05/10/2020,,989,9
E12000007,London,region,04/10/2020,,1965,2
E12000007,London,region,03/10/2020,,1070,2
E12000007,London,region,02/10/2020,,497,3
E12000007,London,region,01/10/2020,,551,5
E12000007,London,region,30/09/2020,,388,6
E12000007,London,region,29/09/2020,,504,9
E12000007,London,region,28/09/2020,,397,5
E12000007,London,region,27/09/2020,,587,1
E12000007,London,region,26/09/2020,,361,1
E12000007,London,region,25/09/2020,,584,1
E12000007,London,region,24/09/2020,,620,2
E12000007,London,region,23/09/2020,,531,7
E12000007,London,region,22/09/2020,,354,6
E12000007,London,region,21/09/2020,,282,4
E12000007,London,region,20/09/2020,,241,4
E12000007,London,region,19/09/2020,,320,3
E12000007,London,region,18/09/2020,,377,1
E12000007,London,region,17/09/2020,,247,4
E12000007,London,region,16/09/2020,,243,2
E12000007,London,region,15/09/2020,,278,1
E12000007,London,region,14/09/2020,,218,0
E12000007,London,region,13/09/2020,,311,0
E12000007,London,region,12/09/2020,,393,0
E12000007,London,region,11/09/2020,,416,3
E12000007,London,region,10/09/2020,,304,2
E12000007,London,region,09/09/2020,,315,0
E12000007,London,region,08/09/2020,,327,0
E12000007,London,region,07/09/2020,,274,0
E12000007,London,region,06/09/2020,,308,2
E12000007,London,region,05/09/2020,,232,0
E12000007,London,region,04/09/2020,,296,0
E12000007,London,region,03/09/2020,,216,1
E12000007,London,region,02/09/2020,,190,1
E12000007,London,region,01/09/2020,,188,0
E12000007,London,region,31/08/2020,,160,1
E12000007,London,region,30/08/2020,,197,0
E12000007,London,region,29/08/2020,,143,0
E12000007,London,region,28/08/2020,,166,0
E12000007,London,region,27/08/2020,,210,0
E12000007,London,region,26/08/2020,,155,0
E12000007,London,region,25/08/2020,,206,1
E12000007,London,region,24/08/2020,,133,0
E12000007,London,region,23/08/2020,,155,0
E12000007,London,region,22/08/2020,,183,1
E12000007,London,region,21/08/2020,,101,0
E12000007,London,region,20/08/2020,,172,1
E12000007,London,region,19/08/2020,,105,0
E12000007,London,region,18/08/2020,,145,1
E12000007,London,region,17/08/2020,,95,2
E12000007,London,region,16/08/2020,,136,0
E12000007,London,region,15/08/2020,,119,0
E12000007,London,region,14/08/2020,,300,0
E12000007,London,region,13/08/2020,,0,2
E12000007,London,region,12/08/2020,,93,0
E12000007,London,region,11/08/2020,,90,1
E12000007,London,region,10/08/2020,,65,1
E12000007,London,region,09/08/2020,,117,0
E12000007,London,region,08/08/2020,,112,1
E12000007,London,region,07/08/2020,,90,0
E12000007,London,region,06/08/2020,,105,0
E12000007,London,region,05/08/2020,,74,0
E12000007,London,region,04/08/2020,,86,0
E12000007,London,region,03/08/2020,,97,0
E12000007,London,region,02/08/2020,,70,1
E12000007,London,region,01/08/2020,,103,2
E12000007,London,region,31/07/2020,,91,2
E12000007,London,region,30/07/2020,,114,0
E12000007,London,region,29/07/2020,,66,0
E12000007,London,region,28/07/2020,,61,0
E12000007,London,region,27/07/2020,,87,1
E12000007,London,region,26/07/2020,,87,0
E12000007,London,region,25/07/2020,,66,0
E12000007,London,region,24/07/2020,,73,0
E12000007,London,region,23/07/2020,,96,2
E12000007,London,region,22/07/2020,,47,0
E12000007,London,region,21/07/2020,,44,0
E12000007,London,region,20/07/2020,,47,0
E12000007,London,region,19/07/2020,,51,0
E12000007,London,region,18/07/2020,,109,0
E12000007,London,region,17/07/2020,,56,2
E12000007,London,region,16/07/2020,,68,0
E12000007,London,region,15/07/2020,,50,1
E12000007,London,region,14/07/2020,,42,0
E12000007,London,region,13/07/2020,,29,1
E12000007,London,region,12/07/2020,,45,1
E12000007,London,region,11/07/2020,,91,3
E12000007,London,region,10/07/2020,,31,0
E12000007,London,region,09/07/2020,,68,2
E12000007,London,region,08/07/2020,,44,3
E12000007,London,region,07/07/2020,,37,1
E12000007,London,region,06/07/2020,,23,2
E12000007,London,region,05/07/2020,,37,3
E12000007,London,region,04/07/2020,,38,1
E12000007,London,region,03/07/2020,,9,1
E12000007,London,region,02/07/2020,,34,2
E12000007,London,region,01/07/2020,,6025,1
E12000007,London,region,30/06/2020,,19,1
E12000007,London,region,29/06/2020,,9,1
E12000007,London,region,28/06/2020,,14,1
E12000007,London,region,27/06/2020,,46,0
E12000007,London,region,26/06/2020,,52,0
E12000007,London,region,25/06/2020,,47,1
E12000007,London,region,24/06/2020,,10,4
E12000007,London,region,23/06/2020,,18,0
E12000007,London,region,22/06/2020,,21,3
E12000007,London,region,21/06/2020,,18,2
E12000007,London,region,20/06/2020,,29,2
E12000007,London,region,19/06/2020,,16,2
E12000007,London,region,18/06/2020,,17,0
E12000007,London,region,17/06/2020,,9,1
E12000007,London,region,16/06/2020,,15,1
E12000007,London,region,15/06/2020,,8,3
E12000007,London,region,14/06/2020,,25,2
E12000007,London,region,13/06/2020,,36,1
E12000007,London,region,12/06/2020,,21,5
E12000007,London,region,11/06/2020,,31,5
E12000007,London,region,10/06/2020,,15,5
E12000007,London,region,09/06/2020,,55,2
E12000007,London,region,08/06/2020,,0,8
E12000007,London,region,07/06/2020,,15,5
E12000007,London,region,06/06/2020,,25,3
E12000007,London,region,05/06/2020,,36,2
E12000007,London,region,04/06/2020,,21,6
E12000007,London,region,03/06/2020,,21,6
E12000007,London,region,02/06/2020,,32,7
E12000007,London,region,01/06/2020,,21,5
E12000007,London,region,31/05/2020,,30,5
E12000007,London,region,30/05/2020,,25,7
E12000007,London,region,29/05/2020,,30,5
E12000007,London,region,28/05/2020,,16,9
E12000007,London,region,27/05/2020,,27,8
E12000007,London,region,26/05/2020,,22,11
E12000007,London,region,25/05/2020,,38,9
E12000007,London,region,24/05/2020,,38,6
E12000007,London,region,23/05/2020,,59,6
E12000007,London,region,22/05/2020,,55,8
E12000007,London,region,21/05/2020,,49,12
E12000007,London,region,20/05/2020,,50,16
E12000007,London,region,19/05/2020,,42,20
E12000007,London,region,18/05/2020,,47,13
E12000007,London,region,17/05/2020,,81,14
E12000007,London,region,16/05/2020,,166,10
E12000007,London,region,15/05/2020,,80,18
E12000007,London,region,14/05/2020,,89,17
E12000007,London,region,13/05/2020,,44,12
E12000007,London,region,12/05/2020,,89,15
E12000007,London,region,11/05/2020,,62,23
E12000007,London,region,10/05/2020,,95,27
E12000007,London,region,09/05/2020,,111,25
E12000007,London,region,08/05/2020,,124,30
E12000007,London,region,07/05/2020,,142,28
E12000007,London,region,06/05/2020,,117,43
E12000007,London,region,05/05/2020,,252,34
E12000007,London,region,04/05/2020,,160,37
E12000007,London,region,03/05/2020,,128,43
E12000007,London,region,02/05/2020,,223,52
E12000007,London,region,01/05/2020,,180,42
E12000007,London,region,30/04/2020,,207,45
E12000007,London,region,29/04/2020,,111,52
E12000007,London,region,28/04/2020,,146,58
E12000007,London,region,27/04/2020,,225,54
E12000007,London,region,26/04/2020,,267,62
E12000007,London,region,25/04/2020,,278,58
E12000007,London,region,24/04/2020,,296,75
E12000007,London,region,23/04/2020,,415,80
E12000007,London,region,22/04/2020,,280,110
E12000007,London,region,21/04/2020,,418,105
E12000007,London,region,20/04/2020,,297,97
E12000007,London,region,19/04/2020,,453,116
E12000007,London,region,18/04/2020,,689,118
E12000007,London,region,17/04/2020,,704,110
E12000007,London,region,16/04/2020,,,138
E12000007,London,region,15/04/2020,,,147
E12000007,London,region,14/04/2020,,,143
E12000007,London,region,13/04/2020,,,170
E12000007,London,region,12/04/2020,,,170
E12000007,London,region,11/04/2020,,,164
E12000007,London,region,10/04/2020,,,174
E12000007,London,region,09/04/2020,,,199
E12000007,London,region,08/04/2020,,,232
E12000007,London,region,07/04/2020,,,221
E12000007,London,region,06/04/2020,,,197
E12000007,London,region,05/04/2020,,,196
E12000007,London,region,04/04/2020,,,225
E12000007,London,region,03/04/2020,,,192
E12000007,London,region,02/04/2020,,,194
E12000007,London,region,01/04/2020,,,189
E12000007,London,region,31/03/2020,,,180
E12000007,London,region,30/03/2020,,,150
E12000007,London,region,29/03/2020,,,143
E12000007,London,region,28/03/2020,,,119
E12000007,London,region,27/03/2020,,,127
E12000007,London,region,26/03/2020,,,122
E12000007,London,region,25/03/2020,,,119
E12000007,London,region,24/03/2020,,,87
E12000007,London,region,23/03/2020,,,56
E12000007,London,region,22/03/2020,,,53
E12000007,London,region,21/03/2020,,,46
E12000007,London,region,20/03/2020,,,46
E12000007,London,region,19/03/2020,,,25
E12000007,London,region,18/03/2020,,,26
E12000007,London,region,17/03/2020,,,23
E12000007,London,region,16/03/2020,,,16
E12000007,London,region,15/03/2020,,,8
E12000007,London,region,14/03/2020,,,11
E12000007,London,region,13/03/2020,,,6
E12000007,London,region,12/03/2020,,,6
E12000007,London,region,11/03/2020,,,3
E12000007,London,region,10/03/2020,,,1
E12000007,London,region,09/03/2020,,,2